CycleNo,Navg
2,-5701.810000
19,-5701.810000
22,-5742.454121
25,-5705.087466
29,-5703.152782
37,-5706.629064
41,-5712.377214
42,-5822.560959
46,-5758.817200
48,-5711.415034
49,-5711.010397
51,-5740.312786
59,-5774.955587
60,-5708.996016
62,-5713.372649
67,-5785.922051
70,-5480.851225
71,-5769.129951
74,-5726.665687
83,-5735.246543
84,-5731.754219
93,-5783.236084
94,-5844.404005
97,-5862.425680
98,-5777.186090
99,-5908.234818
107,-5730.037391
108,-5725.733873
119,-5737.293216
123,-4780.557504
124,-5773.655535
136,-5723.805736
138,-5821.742513
144,-6020.082557
147,-5809.728893
151,-5796.928865
156,-5799.619884
158,-5824.646461
160,-5821.068324
167,-5645.165572
169,-5882.036119
170,-5938.095217
171,-5777.221520
175,-5945.681158
177,-5991.913526
198,-6217.566143
199,-6138.017086
201,-5756.132615
215,-5887.606406
219,-6134.192994
227,-5943.728039
229,-5627.794950
231,-5858.617610
232,-5946.108884
234,-6069.060146
235,-5924.455856
236,-5847.374885
256,-4354.531038
267,-6089.952915
275,-5742.947074
279,-6109.241383
292,-3993.531843
293,-6314.538417
302,-6045.048050
306,-6285.491004
308,-5032.942529
312,-5609.552487
313,-4112.931822
321,-6154.052225
324,-6076.180529
338,-6052.666946
354,-6052.436806
355,-6021.682352
357,-3587.789263
362,-5967.449460
363,-5936.158142
364,-6146.699863
367,-5164.225168
372,-6080.786373
384,-6166.752978
388,-6138.578963
406,-4578.667527
412,-6105.948391
421,-6070.767108
426,-6145.553779
430,-6022.360343
440,-5968.403513
449,-6105.782563
453,-6052.867666
467,-6135.030942
473,-6189.998506
475,-4457.459331
476,-5099.510857
479,-6153.159053
480,-5689.483412
483,-6296.040376
488,-5429.102155
490,-3825.268270
497,-6179.961027
510,-5725.759785
520,-5313.961986
525,-6135.832929
529,-3973.511487
536,-3959.120740
549,-6206.576199
562,-6404.432403
568,-3961.515890
569,-4621.828639
573,-6117.816537
574,-5809.582663
576,-5741.390451
581,-6061.297707
601,-4041.246611
620,-6151.287518
621,-6428.818685
624,-6381.323498
632,-6442.682387
647,-6019.191649
667,-6317.718259
716,-5279.950474
738,-6664.690830
744,-5307.165223
745,-5054.874713
770,-6171.525081
772,-6147.540042
794,-6063.276698
797,-6193.062840
802,-6292.413708
806,-6257.725217
810,-3573.721259
820,-3884.993902
824,-6488.917614
836,-3124.471821
876,-5610.148728
889,-6428.047310
905,-5290.734593
909,-4372.621160
917,-3808.496218
927,-3870.900481
943,-4981.639637
945,-6177.383725
954,-6604.272448
966,-6119.207674
978,-6157.659006
979,-5814.453361
1009,-3800.844989
1014,-6371.313666
1015,-6638.771430
1046,-6597.522777
1066,-6408.996892
1112,-4001.464930
1114,-3754.375595
1117,-6237.408304
1134,-6343.782480
1143,-6347.316553
1162,-6463.670390
1166,-6199.717799
1169,-4086.473917
1174,-4269.533069
1194,-3770.668670
1200,-4964.659555
1201,-6025.543376
1204,-5670.369978
1259,-4115.572973
1270,-3949.863897
1301,-5788.156750
1338,-4046.331890
1362,-4046.331890
1369,-5678.276082
1375,-6510.666152
1396,-4937.969622
1397,-6185.208955
1522,-5767.362490
1564,-6395.950922
1594,-5894.901097
1602,-6402.048784
1626,-5416.124501
1634,-4218.728284
1636,-6576.120418
1657,-6233.530671
1704,-3006.544300
1714,-6533.018286
1789,-4424.178919
1806,-6417.162996
1841,-3594.998278
1886,-3594.998278
1912,-4768.121287
1932,-6540.495769
1933,-5112.891355
1943,-6484.243629
2016,-6414.892096
2025,-3678.151927
2027,-4356.855548
2030,-4550.991685
2042,-4357.229394
2053,-6172.872541
2065,-6189.888768
2071,-5094.800636
2080,-6511.443019
2112,-6418.108601
2123,-4545.458807
2161,-6744.221791
2175,-4426.336914
2189,-4543.390894
2268,-4608.511733
2283,-5988.528601
2313,-3680.448289
2318,-5578.615681
2321,-6549.068419
2353,-4106.464460
2365,-6258.569252
2379,-4274.664331
2389,-5479.005876
2402,-6341.933064
2407,-4280.351710
2428,-4900.139578
2461,-6246.020938
2467,-4705.189702
2475,-6599.586788
2486,-4948.576423
2557,-5517.699076
2563,-6608.709008
2595,-6665.206425
2600,-5105.543677
2632,-4309.119072
2648,-6053.567921
2655,-4358.786227
2657,-6491.468886
2681,-3899.820887
2683,-5784.566466
2684,-5912.469252
2696,-3831.263116
2705,-6310.679854
2715,-5334.967416
2779,-4071.542201
2780,-3933.979877
2801,-5615.447298
2914,-6085.041727
2930,-4095.132587
2935,-5881.028367
2954,-4386.273022
3002,-5854.258520
3005,-5444.331093
3027,-6756.684157
3039,-6510.077988
3048,-4095.132587
3077,-6185.893946
3082,-5556.492320
3107,-5279.629731
3154,-5797.550721
3157,-6705.964330
3198,-4075.569298
3199,-4303.157056
3217,-6698.311676
3221,-4232.353611
3242,-6623.366478
3315,-5799.258115
3330,-3962.007584
3392,-4339.114977
3480,-5798.288096
3523,-4078.321003
3530,-5251.368057
3575,-6827.047225
3603,-5156.805258
3651,-4078.696765
3666,-5883.311768
3809,-4820.108213
3864,-6199.675946
3944,-4942.799334
3977,-7116.735732
3992,-6255.860527
4178,-6573.162083
4194,-5573.796674
4214,-5510.985478
4223,-6602.567671
4253,-4691.322556
4259,-4115.352766
4300,-4115.352766
4316,-6958.953675
4391,-5067.503991
4533,-5853.624861
4582,-4948.210285
4641,-5754.277201
4653,-4388.887471
4654,-4285.091430
4710,-6686.284877
4754,-4375.566335
4912,-6454.372156
4955,-7039.668984
4963,-4703.587086
4992,-4405.484869
5034,-7091.673295
5121,-4860.615819
5172,-5479.312539
5199,-6500.313469
5259,-4391.969285
5374,-5117.291586
5393,-5815.483493
5413,-6857.846102
5508,-4461.718323
5622,-6538.751311
5631,-6911.182834
5698,-4972.360960
5829,-6816.910966
5843,-4157.662029
5863,-5498.158999
5873,-4344.195639
5959,-5907.887225
6135,-6014.049576
6293,-4441.023099
6304,-4908.975300
6316,-6558.717885
6332,-4741.688408
6436,-6765.551191
6498,-3879.325590
6520,-4909.770855
6573,-4912.576369
6666,-5328.608815
6678,-7259.595547
6697,-7004.677208
6715,-6216.318689
6832,-4502.359911
6846,-4799.672739
6906,-6714.408279
6934,-5323.440490
7118,-6291.878823
7120,-6268.180113
7240,-5618.687619
7334,-4798.403015
7391,-5303.803642
7410,-3979.750103
7474,-7000.014524
7836,-5078.713721
7883,-5142.148954
7895,-6593.305628
7949,-5226.731401
8243,-4014.576297
8276,-4270.341937
8469,-6289.037690
8475,-5727.991246
8518,-5313.714204
8636,-6108.324327
8677,-5079.721761
8978,-4501.920409
9277,-4274.684614
9290,-5534.854963
9369,-5395.301456
9451,-5842.649307
9548,-4308.797990
9566,-6695.294341
9667,-6015.635927
9823,-7063.410484
10176,-6166.976342
10416,-4391.023832
10556,-5868.759215
11004,-7106.517948
11007,-7216.114936
11463,-5090.832023
11567,-5020.262948
11999,-4490.757148
12077,-5668.872503
12111,-4586.836979
12135,-4352.832305
12164,-4581.374168
12360,-4493.920854
12503,-5080.750744
12544,-5726.126551
12568,-4600.965243
12584,-4537.051205
12829,-4907.143618
13120,-4691.969686
13325,-6922.059764
13372,-4358.564896
13532,-5033.004102
13641,-4529.204461
13674,-5188.347476
13817,-3982.678498
13879,-7006.418150
13949,-6066.644783
14123,-4384.108652
14317,-4102.077926
14734,-4933.824356
14755,-4557.941253
14846,-6765.370554
15009,-4386.530319
15114,-4102.077926
15126,-4752.037968
15423,-5671.539085
15550,-4513.124442
15912,-7003.143739
15946,-4816.294170
15990,-5229.556183
16002,-4752.129108
16042,-4037.560978
16105,-4512.224087
16325,-5748.911398
16376,-6909.676619
16541,-4716.613446
16738,-5070.110327
16761,-5592.874140
16789,-6642.912219
16838,-4908.394347
16912,-4028.230104
17014,-4560.692479
17430,-5342.698523
17874,-5240.215912
18179,-4997.875292
18494,-4523.461832
18525,-4523.461832
19080,-5858.745200
19609,-6068.451634
19719,-5444.491007
19737,-5716.520197
20164,-4223.709981
20260,-6135.900019
20693,-3981.149163
20850,-4223.709981
21540,-4279.536609
21863,-5021.260044
21916,-4311.291955
22284,-3999.698491
22516,-5200.936064
22603,-6071.665221
22610,-4885.453053
22631,-5803.909348
22731,-4769.347577
22906,-5248.432686
23038,-5248.432686
23263,-5913.635837
23777,-5919.068786
24506,-4347.098990
24539,-5392.221188
24574,-6761.649724
24659,-4352.384378
25587,-5416.207714
26044,-5903.770374
26413,-4592.411238
26494,-4577.707886
26655,-4763.954451
26876,-4570.995070
27147,-6019.538757
27181,-4051.363162
27207,-4051.363162
27824,-5795.389376
28130,-6531.157510
28207,-5785.526241
28438,-7097.975812
28926,-5045.773799
30627,-4424.300738
30761,-5446.662693
31092,-4851.052060
31284,-6772.650818
31936,-4878.366990
32174,-5696.733171
32325,-5100.858481
32370,-5072.731825
32448,-5438.896358
32650,-5942.867213
32670,-4693.528405
32788,-5720.108332
33367,-4336.588930
33628,-4882.153433
34166,-5197.780546
34222,-5268.451539
34335,-4689.148600
34367,-4877.621420
34682,-5713.629543
34723,-6987.676932
34765,-5213.475480
34814,-4427.102235
34867,-4775.346001
35122,-5287.210274
35289,-5765.420510
35562,-6364.490165
35738,-4215.900370
35775,-5487.231841
35840,-4805.891667
36011,-5155.345278
36141,-5363.702606
36276,-5610.105986
36542,-7583.483536
36794,-4180.279205
36860,-5837.865141
37021,-5677.489993
37058,-5896.258203
37080,-6010.529847
37238,-4760.819235
37289,-4890.824982
37452,-5087.115797
37567,-4286.123902
37850,-6097.257743
38504,-5360.322659
38561,-4460.305036
38769,-5071.864777
38864,-4577.074392
38911,-4109.122315
39111,-4109.122315
39568,-5605.396465
40005,-4576.243227
41339,-4193.530058
41474,-4775.487063
41870,-4193.530058
42027,-4007.019134
42620,-4007.019134
42699,-4356.306593
42860,-5315.848676
43090,-6014.159488
43566,-5326.448314
43731,-6127.919676
43741,-4487.520293
43957,-3488.945803
44285,-6137.273432
44399,-4508.768081
44771,-6062.357464
45388,-5628.178683
46013,-5570.916306
46076,-5186.530106
46259,-5068.285551
46297,-7089.390714
46922,-5003.573056
47011,-4358.958174
47881,-4897.349164
48031,-4358.958174
48717,-4839.034794
48734,-4172.671084
48847,-4494.111697
48935,-5529.442231
49092,-4415.959204
49177,-4718.744125
49574,-5208.414152
49633,-6671.284505
49889,-3548.005650
50595,-5425.614092
50769,-6597.958188
51028,-4717.845072
51909,-4439.862252
51971,-5171.842104
51972,-5355.356061
52086,-4177.361738
52264,-5491.376591
52471,-4177.361738
52522,-5680.828421
52571,-4696.997395
52659,-6420.968125
52735,-3666.537363
53119,-4963.236277
53774,-4267.002645
53781,-3667.070015
54250,-5306.317184
54835,-3664.443498
55542,-5113.365356
55962,-3972.570296
56305,-3664.443498
56435,-3788.811100
56623,-3976.965891
56747,-4267.002645
56775,-4928.031364
56819,-5288.848748
57053,-3784.415504
57389,-4845.944790
57616,-5307.235220
57956,-4278.719914
58348,-4849.419806
58862,-6476.588926
59192,-4851.565725
59760,-5956.873438
60291,-4501.899671
60293,-4892.452096
60603,-4289.906746
61352,-5494.390992
61823,-5356.068268
62024,-5594.786707
62550,-4829.945668
63061,-4713.519760
63372,-6306.107326
64126,-4721.528742
64164,-4563.554679
64530,-4625.696496
65406,-6661.558632
65473,-5775.902689
65559,-3730.773852
65718,-4501.581562
65790,-4638.292235
66078,-4068.135929
66119,-4975.904557
67095,-4548.640090
67271,-5809.651482
67424,-4582.251447
67444,-6885.226152
67469,-6329.205205
67991,-5298.333278
68197,-5624.542808
68338,-5801.369127
68486,-5480.099706
68636,-6337.132806
70520,-5244.624322
70592,-6124.293202
70839,-6185.712127
70872,-5733.938837
71096,-4904.709906
71355,-4001.973791
71489,-5344.769374
71643,-7220.241809
71773,-5054.948645
71920,-5575.493582
71931,-7175.662425
75593,-4029.450839
76033,-5345.702346
76590,-5070.586502
77817,-4155.095584
78024,-4155.095584
80387,-4183.112620
81270,-4183.112620
81608,-5242.835601
81732,-5403.425839
82271,-3794.252063
82562,-4106.873426
82627,-5656.677025
83015,-5389.990940
84188,-5028.634482
84849,-5498.338399
85245,-5577.629402
85345,-5250.277317
85987,-4972.804834
88005,-4162.877020
88685,-4162.877020
88746,-3945.309328
89421,-5393.281432
89487,-3944.677155
90563,-5242.806234
90684,-5343.093152
91199,-4973.377904
92124,-7374.098505
92723,-5495.174765
94235,-3797.707351
94294,-5544.515108
95143,-3797.707351
96611,-4962.773046
96931,-4702.783210
97345,-4976.975004
97565,-4343.858669
97692,-4343.858669
98619,-5596.056024
98757,-6123.839494
99041,-4614.447283
99942,-4700.574049
100001,-6393.313196
100485,-4424.380958
100595,-6867.175929
101845,-5629.178647
102037,-5288.115944
102341,-4347.579129
102486,-4235.471505
102878,-4617.312640
102993,-5246.660901
103455,-5579.589719
105490,-4315.566293
105912,-4315.566293
106627,-5981.378485
107701,-5222.433172
110160,-4856.756607
112097,-5303.514178
113877,-7134.738561
115046,-6715.210207
115132,-3681.933657
115566,-4461.096323
119783,-6022.548376
120491,-5294.907537
120763,-6434.491604
120843,-4083.063550
121433,-4083.063550
122625,-4737.178805
123833,-4793.857471
124440,-6595.968126
124815,-6337.300502
125191,-6324.370838
125238,-4533.410133
125607,-4533.410133
125636,-4132.389670
125803,-6772.189741
126635,-6525.004232
126899,-5917.485310
127076,-4172.741724
127123,-4761.588607
127753,-4173.503147
128213,-6031.443881
128560,-4490.467599
129138,-4155.876864
129649,-5568.781474
130686,-7046.718501
131060,-5860.957909
131975,-5321.409102
132496,-5336.150509
133947,-6706.539706
134701,-5703.349961
135173,-4581.366930
135311,-5879.104389
136730,-4580.896851
137288,-6045.384631
137385,-5093.770676
137416,-5681.656737
137898,-4155.246397
138195,-5990.487158
138442,-4459.420257
138818,-5574.725963
139366,-5351.720628
140422,-4262.023019
140479,-4283.719059
140562,-4264.332432
140649,-4281.409645
140769,-5023.958632
141457,-5276.546046
141972,-4423.062611
142164,-4748.370162
142801,-4593.585291
143401,-4423.131722
144041,-4191.840667
144316,-4991.464726
144336,-4191.840667
144383,-5529.414118
144404,-6288.938979
145369,-6809.470867
145611,-6165.628079
146085,-4176.967830
146287,-4138.485375
148703,-3913.036029
150393,-6357.378753
151141,-4292.694262
151528,-4292.694262
151847,-5374.429751
152152,-3913.036029
153039,-5889.389900
156642,-4557.479480
156675,-4557.479480
157387,-4798.547467
157854,-4295.368024
157887,-6269.192982
157945,-4506.597298
158312,-4235.512751
159000,-4277.802781
160406,-6109.792350
161308,-4201.505819
161724,-5270.422544
161981,-4200.930808
162122,-6206.761174
162356,-4669.702755
162895,-4849.455157
162927,-5596.967407
163129,-5759.231419
164276,-5468.598997
164435,-4643.259034
165493,-5687.122814
166309,-4412.656608
167624,-4412.656608
168206,-5912.500764
168376,-5388.357932
168701,-4934.875870
168834,-4860.774601
168988,-4934.875870
169875,-4310.673668
170436,-4145.872932
170441,-4774.160063
170493,-4141.407423
170642,-4145.872932
170654,-4141.407423
170850,-5775.479784
170934,-5439.588858
171157,-4437.075573
172182,-5212.979792
172755,-4445.204785
173205,-6544.336187
174655,-3333.173927
174965,-5390.001904
175587,-4125.705268
175983,-3333.173927
176141,-4125.705268
177164,-6558.495306
178649,-6020.200784
180675,-5445.858565
182029,-5895.863744
182725,-5997.712107
183060,-4256.383375
183112,-5199.258927
183176,-4899.329405
183375,-5183.223853
183548,-6197.102668
184021,-4257.410648
184513,-5360.865867
184940,-5380.830141
185246,-4890.141452
186684,-5041.561942
186810,-4794.808515
188078,-6629.069658
189553,-4163.766547
189869,-4163.766547
190009,-4812.860517
190382,-6543.675348
190548,-4890.182566
190992,-5759.575310
191221,-6962.105609
191247,-3776.150447
191758,-4269.020727
191846,-3777.865399
192530,-5926.648495
192678,-4210.979212
192679,-5370.404705
192771,-4210.979212
193340,-4271.961123
193814,-5369.001291
194009,-6029.100724
194250,-5049.730726
197544,-5897.047960
198287,-5748.226402
198335,-5795.546392
198724,-7152.955407
199029,-4823.444860
200272,-5170.394959
201632,-5189.716224
202167,-4896.782507
202493,-6530.559169
202878,-5731.757985
204045,-4763.827426
204299,-5064.971412
204701,-6407.645057
204766,-7183.521145
204822,-4882.321218
205494,-7217.767504
206310,-5981.205706
206613,-4204.339607
206781,-5791.682127
207367,-6321.151836
207533,-4463.740487
207692,-5920.488404
210218,-4763.037746
211367,-4965.500515
215213,-4226.286366
217312,-4226.286366
217506,-4377.639836
217782,-4377.639836
217854,-7107.778551
218561,-5728.535171
219481,-7309.257758
220326,-6146.828441
222480,-4210.922575
224221,-5489.660458
224344,-5690.119050
224501,-6492.267291
224942,-4212.079005
226273,-4065.525690
226511,-4065.525690
226925,-5179.845474
226975,-6039.757523
227807,-3353.126759
227922,-3353.126759
228084,-5871.306356
228583,-6862.546770
229325,-5944.726370
231832,-7091.298894
232008,-5937.050479
232916,-4078.273305
233368,-4999.630201
233690,-5337.989004
234229,-4665.179511
235008,-4755.876071
235277,-4438.425785
235353,-4755.876071
235846,-4665.179511
236237,-5403.211857
238002,-5890.749620
238021,-5796.372335
238036,-3935.806403
238336,-5310.394985
238711,-3249.364904
238816,-3938.514358
240760,-4180.677767
241055,-5802.819724
241765,-4251.394631
241944,-4161.469865
243342,-4825.159597
245182,-4825.159597
245775,-5102.304522
246071,-5107.037237
249512,-5543.042513
250031,-5131.788677
250315,-5962.932108
250641,-6886.915229
250958,-6713.260075
251154,-6944.361430
252418,-4884.266065
256751,-4884.266065
257267,-5698.780389
258397,-3819.798226
258420,-3819.798226
258456,-5716.488641
258753,-6795.786311
259165,-6149.465401
260818,-6032.090229
261266,-4172.977830
262361,-4864.357595
262566,-4172.977830
262812,-4349.358729
263480,-4349.358729
263600,-5640.036754
263954,-5170.643980
264956,-6804.832217
264986,-5157.119674
266603,-4463.436686
267707,-4581.557422
268209,-7412.241363
268367,-7233.078449
270723,-4292.920926
272444,-4292.920926
272743,-4797.261800
273071,-4862.588573
273616,-6654.260421
274317,-4744.770138
274937,-4744.770138
275510,-6442.059596
277973,-5678.705918
280914,-6051.266442
281087,-4795.100398
281095,-6511.039017
282392,-3980.067371
282406,-4347.303446
283085,-5038.433185
283201,-4009.877767
284331,-6029.513140
284515,-6814.243080
285279,-5158.002391
286190,-5654.711830
286672,-4611.943595
288586,-5535.567677
289230,-4611.943595
290331,-4436.892871
290366,-4436.892871
290654,-4880.531226
290755,-5573.689436
291953,-6606.132509
293806,-4446.716676
293880,-3784.986269
294111,-4885.338874
294412,-3784.986269
294542,-4440.572517
295855,-5064.983031
297559,-5348.665950
302520,-4051.871932
303175,-4316.976280
303304,-4151.304435
303726,-4663.426085
305255,-4663.426085
307080,-4316.976280
308131,-4821.246046
308550,-6753.528043
308644,-4821.246046
310240,-4487.420809
310306,-4487.420809
310535,-5928.320544
310870,-6862.815895
314643,-4017.695379
315118,-4017.695379
317911,-4751.811211
319016,-5036.166761
320855,-5059.712217
321048,-4883.966531
321412,-6779.522247
322461,-2758.451549
322474,-2758.451549
323333,-4973.140790
323476,-4640.445129
323647,-7136.634664
325850,-5735.155303
327070,-4954.143451
328096,-4232.289961
328253,-4232.289961
329903,-5733.912166
330022,-6664.402362
330734,-6597.102031
331080,-5852.946764
332768,-4553.503176
332943,-4195.933655
333112,-4553.993261
333179,-4195.443570
333309,-6539.829727
334577,-4280.986024
335253,-6163.563912
336869,-4280.986024
337106,-2899.321933
337250,-2899.321933
337584,-6472.965413
339288,-5025.441158
342255,-5025.441158
344451,-4348.315082
346137,-4348.315082
347078,-4348.409783
347981,-3838.351220
348111,-3838.351220
348169,-5675.199397
349060,-4348.409783
349691,-6755.403072
349749,-5832.247299
349851,-3923.574663
349966,-5579.603470
350409,-3923.574663
350776,-5580.873255
351200,-7091.178880
354484,-4351.598038
355342,-6551.594331
355379,-4806.502564
355590,-7058.183373
356242,-4503.215662
356990,-6287.054961
357417,-4502.764227
357582,-5359.511920
357802,-4011.281188
358050,-4011.281188
359302,-6323.667568
360023,-4122.679254
360148,-5392.863565
361574,-5392.863565
361761,-4122.679254
361924,-7291.816232
363372,-5505.164520
363790,-7283.193448
364271,-6428.306030
364928,-6159.195359
365131,-4387.943349
365620,-5879.957598
365650,-5098.720627
367204,-4377.002400
369652,-5142.148054
370010,-4415.585924
370173,-5282.627530
371270,-5142.148054
371486,-5434.150520
373497,-6245.091891
373509,-5203.279990
373660,-4168.539997
373685,-4200.259355
373706,-7220.067938
373848,-4321.325156
373856,-4198.707385
374927,-5584.185687
377593,-4068.586367
377722,-5444.723931
377789,-4116.514444
377996,-4069.130081
380037,-4345.528671
380114,-5508.439478
380419,-3694.866566
380730,-4114.620081
383409,-5298.986101
384213,-6528.461205
384910,-3906.176597
385015,-5144.015011
385268,-6446.276356
386517,-4080.740488
387130,-4080.740488
387542,-4532.477290
387692,-5303.537407
387785,-4637.014861
388092,-6380.586751
388377,-3619.184631
388570,-3619.184631
388799,-4555.283117
388896,-4555.283117
390349,-5263.341182
390464,-4560.173230
391012,-4831.195431
393354,-4451.017206
393449,-5679.655196
394106,-4476.661640
395370,-4450.291559
396006,-4476.661640
396428,-5225.454662
396691,-4805.541096
397954,-5350.396114
398770,-6278.702149
399746,-4219.130003
399780,-7008.846367
399967,-4210.176490
400159,-5454.078728
400180,-5732.669734
400748,-6109.696111
401201,-5398.036000
401289,-5422.903644
401542,-5208.412626
406304,-5700.470631
407321,-5930.325775
409462,-5081.471073
410763,-4984.991185
411015,-5554.133987
411613,-3068.045744
412486,-3068.045744
413942,-4676.144115
415443,-4272.012712
416176,-5982.538162
416428,-5200.735359
416759,-4274.244658
416865,-5875.510134
418012,-5275.365130
418280,-4060.713335
418908,-4075.212702
419368,-4060.713335
420671,-5891.793860
421032,-5447.781104
421226,-4075.212702
421370,-5301.071503
421469,-5871.369184
421917,-5181.988032
423813,-4425.385409
423911,-4784.275154
424421,-4784.275154
425867,-4741.317951
426719,-3992.975252
427863,-3992.975252
427981,-4234.414839
428526,-5182.466083
429069,-5614.293644
429183,-5971.250115
429224,-4233.325979
429494,-4118.103353
430613,-3340.127321
430761,-5197.493295
433526,-6173.781145
434022,-4411.173017
434496,-6107.153339
434740,-4411.833076
435138,-5506.291480
435463,-5099.195603
436131,-4327.408866
436274,-5237.939955
436467,-4327.408866
436645,-4825.985565
437063,-4261.197032
437103,-4631.805326
437729,-4691.226732
439529,-3586.943580
439544,-6223.252657
439719,-3586.943580
440674,-4712.030347
441225,-4712.030347
444226,-4658.721477
444292,-4824.994202
445487,-3137.085807
445534,-3137.085807
447855,-4658.721477
448456,-5863.055460
449253,-4371.191617
449609,-4371.191617
449710,-4046.681025
449822,-4046.681025
450037,-5148.570949
450263,-5547.314222
450473,-4605.378492
452574,-4605.378492
453451,-4681.076198
453773,-4297.170739
453852,-4297.170739
453932,-5953.714237
455388,-7359.615176
455841,-4762.337112
456659,-4387.169745
456826,-4595.941053
456879,-5307.270798
456980,-4387.169745
457300,-4377.331028
457604,-4481.049688
457862,-5560.182699
458076,-4481.477709
458762,-6047.412509
458798,-6372.026110
458837,-5389.432218
459066,-4446.020961
459302,-4446.020961
459962,-5922.788616
460142,-4749.644771
460547,-5002.181450
461135,-4750.856782
461736,-6586.153421
470916,-5412.183832
471632,-5308.992683
474215,-4437.112841
474990,-6766.654282
475161,-4951.593144
476167,-6614.682147
476456,-4648.971379
477102,-4765.347394
479831,-4765.347394
480757,-5861.836184
480834,-4648.971379
481245,-6505.111446
483442,-5446.402881
484599,-3810.960029
484935,-5413.837695
485280,-3803.161560
485416,-5201.204509
485919,-5377.650275
486595,-4503.940618
487226,-4503.940618
487314,-4457.812335
488412,-4041.071973
488484,-5047.870508
489450,-5000.087528
490563,-4588.427218
490866,-4443.529550
490868,-4158.796344
490923,-4040.764361
491089,-4154.723822
491271,-4443.529550
491300,-5345.753376
491968,-5336.588740
493034,-4622.712100
495149,-4622.712100
495975,-5137.152088
496002,-2944.044219
496361,-2944.044219
502521,-6008.637985
505397,-5675.115566
506533,-6392.894072
507245,-4889.400163
508340,-5148.570566
509129,-5474.786271
509562,-5895.454313
509571,-6519.452676
513515,-5129.626571
516138,-4760.092055
516194,-4760.092055
516768,-5526.983182
518336,-5301.327767
519401,-5453.303393
521718,-5707.839766
521923,-5311.361216
522209,-4511.767087
523677,-6111.549134
523867,-4514.354304
524485,-3592.340890
524761,-4460.419508
524966,-4731.119569
526236,-4456.280841
526520,-5936.783463
527458,-5475.839715
529074,-5137.683837
529177,-6094.062074
530185,-5848.703520
533105,-5686.226929
533809,-6311.669225
534654,-3629.985434
534727,-3629.985434
534885,-5797.743097
539082,-7009.287873
540235,-5300.028739
540393,-4874.456957
541819,-4874.456957
542612,-6277.930244
543081,-3916.755167
543196,-3916.755167
544014,-5985.819006
545225,-4701.318522
546263,-4701.318522
547916,-3951.598502
548129,-3833.901629
548566,-3963.205338
548963,-3963.205338
550179,-5300.451984
551054,-5131.661929
551772,-4948.454582
552445,-4948.454582
555689,-4708.688749
557182,-4708.688749
558295,-6254.749207
559305,-3846.802896
559371,-5589.963826
559431,-3846.802896
563113,-5643.547726
564535,-4659.269977
565509,-6011.315817
565887,-6879.045628
566299,-5927.999937
566436,-4658.533584
571661,-5022.784794
572155,-5617.164438
573790,-5914.976264
577388,-5588.935473
578117,-4642.780363
578959,-4030.786414
579292,-5265.383569
580416,-4642.780363
580426,-5813.284466
580722,-5236.835367
580785,-3812.940697
580793,-3812.940697
581401,-5318.328217
581844,-5875.390903
581875,-5708.785209
582113,-3556.942136
582460,-3514.135405
583468,-5002.714551
589178,-4296.717744
589890,-4296.717744
591727,-6358.343861
595262,-5002.714551
595322,-5003.871299
595584,-4056.721498
596576,-4926.933901
596763,-5406.400749
596816,-5003.647021
596955,-4057.229817
598427,-3196.930923
598466,-3741.475150
598498,-5732.832686
598798,-4922.614292
600390,-4915.250965
601273,-5292.607574
601660,-4915.250965
602565,-4381.236097
603923,-4381.236097
607271,-4469.298844
607639,-5563.722291
608910,-4470.066041
613728,-5568.073828
615768,-3883.613307
616226,-4984.912492
616922,-5282.335018
617319,-5958.937457
617406,-4569.743848
618725,-5314.895280
620589,-5921.658160
620904,-5768.143560
621036,-4484.798186
621183,-3933.282064
625325,-4762.678640
627685,-5333.130895
629359,-3926.786306
629874,-2977.562773
630037,-3933.035081
630292,-3767.998638
630306,-5933.493552
639897,-5600.921197
641530,-4973.228265
642276,-4827.523786
642657,-5313.793444
644929,-4830.455611
646368,-6025.496966
647786,-4830.203513
648006,-4304.930494
648460,-4304.930494
649610,-4163.750642
649709,-4163.750642
651567,-4830.203513
651984,-4326.627535
652149,-4984.824121
652565,-5785.430359
652570,-4011.021607
652685,-4011.021607
652989,-5639.616826
653308,-6585.063738
654457,-5850.663087
655544,-4308.107831
656371,-5197.876815
656477,-5972.116573
656626,-4304.487802
656769,-6169.891104
656812,-6626.342649
657216,-6736.155267
660903,-6295.474615
663556,-3501.336025
663985,-4346.085671
665301,-5996.365364
665996,-4640.189160
667621,-4640.189160
669595,-6615.637587
669701,-4002.066056
670300,-4002.066056
671168,-4564.483669
671212,-4564.483669
671510,-3956.985656
671900,-5388.160737
673198,-4614.010594
673315,-6893.839833
674219,-4216.412137
674627,-4216.412137
676225,-5839.047911
680142,-4543.530827
682885,-4543.530827
683133,-4310.390751
683301,-4601.780616
688222,-6057.901018
690921,-3139.164265
690948,-3139.164265
691747,-4103.348634
692269,-4103.348634
693234,-6049.409749
694252,-4399.469083
694355,-4399.469083
696650,-5783.485424
697818,-5647.246712
698516,-3617.630736
698745,-4958.185541
698816,-4528.856603
699930,-4117.637086
700094,-6275.852238
700354,-5005.617471
700555,-4495.320132
700738,-4899.912295
701687,-4494.093155
701757,-5978.798337
703446,-4550.741753
703597,-5777.467018
705250,-5246.723674
706841,-5626.689469
707072,-5633.233332
707768,-5390.983840
708500,-4003.109712
708676,-4003.109712
708965,-4586.130670
712462,-6665.733820
712552,-4858.605752
713236,-4127.787676
713624,-7004.735571
714689,-4127.787676
715093,-5922.427369
715216,-4936.495298
715383,-5363.641214
715575,-4716.791210
715926,-5321.124615
716170,-4066.826848
716417,-5718.900788
717280,-6204.217379
718233,-5250.531100
719340,-5168.574948
720869,-4571.097563
720983,-4717.258328
720985,-4982.066323
722237,-5390.630365
726188,-5321.271388
728767,-5423.602488
729236,-4930.863544
729318,-6224.375601
729604,-5834.294568
730149,-6596.245749
731858,-5707.668524
731962,-5274.052524
733180,-4846.878333
733366,-5171.830028
733621,-5092.163834
734402,-5976.510440
734513,-4631.370220
734617,-4825.582415
735380,-4927.133872
735545,-4630.288375
736853,-6247.584712
742763,-6493.241571
744221,-4057.135487
744268,-4057.135487
745125,-4432.772702
745202,-4977.628826
745863,-5692.773185
746217,-4915.574962
746462,-7006.171013
746799,-4376.769211
748150,-4230.043177
749526,-4977.940214
749794,-4230.619768
750560,-4639.074728
753441,-4639.074728
753981,-5599.915597
754720,-5696.343259
754930,-5832.632189
755462,-6210.239823
756627,-5370.092273
756986,-6779.972186
758388,-5152.154914
763939,-5672.682947
765260,-4460.758558
765722,-5659.724694
766777,-5258.470821
766893,-4481.665113
766900,-5398.067671
767101,-4329.978898
767267,-3736.074664
767371,-4460.758558
767612,-6038.113253
768471,-6468.747316
768585,-5646.448344
768999,-4275.865821
769779,-4275.865821
769911,-6199.795040
770746,-4942.199244
770968,-5654.905929
771169,-5451.594042
774025,-5778.339897
774369,-4067.847259
774460,-4067.847259
775103,-6008.203612
775926,-6388.978848
776139,-4704.840255
776651,-6892.182515
778239,-5499.329730
779191,-4729.557652
779759,-4354.891935
779913,-4354.891935
780359,-5905.431738
780516,-5130.825858
780915,-6066.677908
782128,-4714.562831
782229,-4870.381464
782745,-6855.646517
782843,-3993.177494
783016,-3993.177494
784767,-6185.271159
785613,-6512.246975
786842,-4950.267212
787636,-5417.568447
789876,-4864.179369
790381,-3992.887557
791299,-3992.887557
791744,-5507.256501
795346,-5380.525071
796006,-6189.073499
796284,-4724.646049
797399,-4141.291021
797516,-5450.438922
797555,-4139.975174
799170,-4562.021970
799468,-5438.264481
799774,-6802.957569
800262,-4862.315318
800386,-4560.683933
800679,-5922.850651
801661,-5581.497836
801882,-5823.094857
802118,-5436.340385
802359,-5861.956173
803236,-5625.511700
805685,-5928.740124
806412,-5181.903599
806696,-3627.244657
807743,-7040.287790
807983,-3628.268399
810820,-4626.166100
811279,-4626.166100
818041,-4650.294934
819296,-5106.879350
821314,-5334.533512
821664,-4327.465254
822362,-4327.465254
824840,-4998.643350
825653,-5508.060326
827255,-4655.776695
828678,-4659.186156
829126,-4421.547102
829208,-5647.287113
829648,-5000.091608
829934,-4411.871824
830077,-4712.958158
830548,-4659.186156
831307,-4712.958158
832061,-5820.858300
836869,-5103.818681
836923,-6018.341985
839612,-4412.133604
839821,-4307.908175
841278,-4627.090258
841565,-4627.090258
843698,-5293.362618
843951,-6580.233384
845753,-5292.347589
845808,-6953.577921
846388,-4314.178994
847174,-4677.135799
847617,-4468.462521
848358,-4321.233950
848528,-4838.028249
849157,-5135.491568
849302,-5292.881508
850327,-5816.090608
851437,-5314.673858
852826,-4792.349964
853608,-4179.444656
853747,-4179.444656
853907,-5037.741891
854822,-5224.926389
854991,-4792.349964
855625,-5286.304248
856944,-4838.964031
857270,-4556.154625
857606,-7246.131808
859327,-4561.331246
860603,-4515.406974
861060,-4640.954297
861836,-4640.954297
861969,-4515.406974
862841,-5767.644496
863941,-5678.326918
864600,-5190.478785
864744,-6124.315882
864751,-5865.843497
866594,-5763.828073
866906,-4911.518032
867336,-6037.366342
870707,-5544.673155
870796,-6548.640992
871577,-5316.296940
872834,-3743.312476
873374,-5928.856693
874588,-3740.120020
875416,-4521.672525
876335,-5222.939152
878468,-5090.776670
878950,-6145.881517
881202,-4678.337168
882138,-5965.865415
882679,-3276.808164
882906,-4171.453994
885969,-4819.258835
886674,-4819.258835
887253,-5160.499113
888449,-5960.399705
888777,-5954.806735
888845,-4587.936683
889280,-6092.506396
890510,-4879.026138
891577,-4239.634361
891738,-4879.026138
892897,-4239.634361
893263,-4683.152072
893959,-4779.866555
894093,-4577.884490
894481,-3755.778302
895342,-5679.662364
895488,-5316.865453
898006,-6404.805297
898572,-6313.767061
900498,-4661.610683
901292,-3977.703140
901297,-3977.703140
902199,-4934.063558
902648,-6370.959433
904534,-3742.614466
904631,-4661.356227
904918,-3902.654261
904996,-5535.755053
905055,-4850.038339
905183,-4549.374949
905284,-4850.038339
905837,-4831.376635
906771,-4549.374949
907240,-3959.916552
907765,-3959.916552
910765,-6220.531199
912784,-4842.218830
913756,-6375.189923
914760,-4967.761605
916301,-6644.164317
917075,-7461.339109
918412,-4348.370125
918912,-4348.370125
919759,-4392.139564
920471,-5237.036454
921045,-5667.217563
921106,-6147.509875
922099,-4363.496291
922311,-4994.694847
922358,-6022.851215
923071,-4722.363621
923492,-4733.753209
925166,-4364.327773
925471,-4732.921728
927346,-5912.146324
927415,-6316.932378
928999,-4818.331163
929066,-4919.356798
930303,-5247.613693
931049,-6675.962542
931056,-4639.123774
931124,-5857.379569
931466,-4639.123774
932221,-6738.319811
932888,-5816.067105
933076,-6876.113306
934209,-6860.685503
935492,-5248.491973
935520,-4473.438909
936863,-5809.124996
938180,-5338.288389
939323,-4473.438909
941330,-5306.347122
942500,-5089.063644
948722,-5895.397826
949460,-5303.811504
950049,-6006.588870
950099,-5651.428690
950307,-5292.609943
950844,-5973.879591
952381,-5087.026859
952538,-5794.163081
952764,-6901.762053
954363,-5013.897135
957769,-5013.897135
959236,-5284.302554
959341,-6288.021157
960601,-5216.306202
961959,-4597.592747
963897,-4973.403542
964438,-4090.824522
965068,-4090.824522
966392,-4597.592747
966751,-6303.981518
969934,-4115.846946
970115,-6054.342020
971407,-4116.608258
973172,-5915.956975
974568,-4576.856738
975712,-4948.717584
976395,-4977.061015
980279,-4977.061015
981653,-4339.497382
982431,-4339.497382
986979,-6158.196529
988419,-6035.290021
989549,-4699.466672
990439,-4740.057761
990737,-4964.337220
991350,-4964.337220
991483,-5537.131837
991809,-4949.984598
993575,-5483.237977
994832,-4745.177782
997357,-4212.639770
997445,-6143.132150
998376,-4204.136671
999051,-4697.167484
1002204,-5320.090130
1003798,-5578.915394
1004513,-4137.469357
1007634,-5693.519864
1008766,-5485.453982
1009628,-3134.524062
1010020,-3134.524062
1011518,-5210.939856
1012223,-6389.231189
1017002,-5599.602507
1019139,-5209.944469
1019378,-5962.369554
1021123,-6314.859872
1024138,-4810.094435
1024551,-5015.372439
1027008,-4810.572039
1027626,-5014.894834
1028604,-7296.460860
1030457,-5630.555030
1033068,-5947.968596
1033218,-5630.555030
1033356,-5061.274233
1034658,-5397.962201
1039146,-4463.205261
1039315,-4463.205261
1041605,-6337.902285
1041670,-6577.670082
1042141,-4281.266029
1042550,-7464.494934
1042910,-6459.344495
1042916,-6519.496832
1043719,-4285.221309
1047052,-4235.987458
1048376,-4235.987458
1048811,-4773.551821
1049002,-4293.261738
1049383,-4293.261738
1049887,-6132.517319
1050450,-7326.473346
1052629,-6419.227509
1052659,-5281.013053
1056503,-5056.244615
1058237,-5059.706690
1058750,-4775.944966
1059658,-4576.192412
1059768,-4073.990793
1060554,-4185.162090
1060614,-4075.216937
1060910,-4583.586357
1061258,-4799.582044
1061640,-4772.371723
1063325,-4799.582044
1063767,-4815.077873
1064819,-4836.843426
1064860,-4836.843426
1064988,-6081.355770
1066250,-4769.948513
1068056,-5717.760512
1068127,-5415.811094
1068161,-5085.986239
1069518,-6537.577588
1069733,-5593.828473
1071789,-5729.487500
1071824,-6059.343677
1073369,-5161.894885
1074303,-7265.419958
1074812,-4802.298334
1074942,-4513.753356
1076869,-4070.713999
1076987,-5368.243486
1078051,-4636.663740
1078420,-4090.686742
1078459,-6560.938756
1079575,-5349.330024
1079595,-5016.283171
1080427,-4267.134266
1080541,-4647.680241
1080800,-4258.867950
1081391,-5809.175441
1084004,-3748.364144
1084475,-3748.364144
1086325,-4541.944136
1086519,-5018.186775
1086929,-4243.269453
1087537,-6834.592250
1087667,-4242.705287
1088645,-6616.226676
1088790,-5010.785865
1091489,-4526.402238
1092230,-4697.722639
1092578,-4891.468670
1092966,-4217.240356
1093025,-4217.240356
1094298,-3720.436047
1096581,-5561.644652
1097028,-4977.589275
1097051,-5446.093025
1097467,-5077.200658
1100327,-4858.427483
1101085,-5870.864219
1101274,-6086.596032
1102194,-5458.140322
1102505,-5497.418274
1103316,-5460.385872
1105749,-4984.505210
1105979,-5658.662325
1106270,-4855.202717
1106301,-4687.663227
1106812,-4687.663227
1107298,-4451.076900
1107966,-5380.446475
1108185,-4451.076900
1109894,-4920.038921
1110623,-5380.446475
1110823,-5495.345399
1113465,-5748.848772
1116386,-4871.712377
1116784,-7078.826477
1117215,-5749.810347
1117459,-4170.220671
1117690,-5062.796332
1118858,-3914.051845
1118970,-3914.051845
1119042,-5567.945171
1119438,-3897.963002
1120019,-4920.185326
1120200,-3896.883640
1120833,-5625.308183
1122032,-5084.646449
1122382,-5665.708306
1127219,-6466.225464
1128544,-5516.915144
1131786,-5548.011141
1135591,-5689.721378
1135592,-5089.384148
1136389,-5096.938642
1137439,-4923.116592
1137616,-4124.246888
1137662,-4124.246888
1137931,-4080.627037
1137934,-4080.627037
1138751,-5678.959018
1139598,-6591.880764
1139931,-6379.044843
1141602,-5151.379153
1144790,-4557.598495
1146498,-5744.241857
1147084,-5666.201363
1147691,-5190.427368
1151021,-3505.920430
1152248,-3505.920430
1152829,-4547.079934
1156355,-4737.280606
1157080,-4612.301970
1158159,-4071.849885
1158323,-4071.849885
1158555,-5151.323517
1159664,-5757.832905
1160468,-4959.932359
1162972,-5498.289058
1165782,-4289.901198
1166055,-4289.901198
1168032,-4959.932359
1169360,-5670.334141
1172389,-5662.360173
1174969,-6293.433684
1176490,-5222.351308
1176805,-5048.174917
1177255,-6506.612945
1178399,-4110.045006
1178783,-6407.965531
1179826,-4663.953599
1179862,-4874.198827
1180227,-4499.912911
1180562,-4609.448135
1180690,-5796.821144
1181311,-4778.955885
1181467,-4769.505301
1182239,-4779.503949
1182240,-5597.520489
1182970,-5178.133767
1183057,-3887.761439
1183552,-3887.761439
1184866,-5770.148846
1185506,-4825.413273
1186704,-5180.330353
1187629,-6566.282185
1190191,-6164.941932
1196017,-5526.767466
1198061,-5526.767466
1206095,-5176.932116
1207331,-4109.312191
1207986,-4109.312191
1210035,-5533.537273
1213719,-5415.521600
1214792,-4258.530917
1214984,-4961.842662
1215849,-6024.779138
1217689,-4216.366298
1218858,-4216.366298
1221335,-5743.360417
1222932,-6537.759647
1224768,-5678.483732
1233083,-3350.632065
1233233,-2875.387577
1234505,-5476.659042
1235472,-3621.831283
1235563,-4362.515165
1235580,-3623.420869
1235766,-5313.540007
1235894,-4360.925579
1236735,-6658.975971
1237007,-5863.466087
1237520,-5619.440658
1238362,-5776.726467
1239096,-5162.773247
1239612,-6498.555804
1239673,-5076.080027
1240409,-5493.098327
1242403,-5820.429101
1242787,-4377.621805
1242926,-4377.621805
1244285,-5395.133466
1246162,-5081.833077
1247110,-4988.772617
1247826,-4690.033944
1250721,-6159.097055
1251314,-4690.483809
1252764,-5163.544547
1253452,-5595.986722
1253532,-6080.676779
1254210,-3972.593926
1254655,-4053.212077
1254808,-5536.614328
1255062,-4552.235455
1255308,-4965.625856
1257234,-4621.192682
1257811,-4134.441458
1258411,-3568.309650
1258555,-4503.005309
1258877,-4143.768575
1258979,-3560.741861
1259617,-4992.572233
1260413,-3208.230256
1260668,-3650.921974
1261038,-6108.299736
1261090,-4502.289576
1261132,-4247.050705
1262385,-4983.966747
1264416,-3718.892138
1266037,-3718.892138
1266770,-6348.971331
1270233,-5370.991568
1272445,-5882.552291
1273050,-4127.471022
1273227,-4988.569941
1273296,-4127.471022
1274282,-6408.341167
1274615,-6671.892024
1274742,-5379.342698
1274822,-4472.092094
1276419,-4472.092094
1277794,-5840.165990
1278763,-6065.763529
1280929,-6369.738605
1281189,-4252.821290
1281542,-4252.821290
1282502,-4990.966327
1282781,-6238.632141
1284136,-4368.503973
1284627,-4065.480331
1284970,-5598.999191
1285319,-5233.400914
1289140,-5598.999191
1290735,-5192.180376
1292133,-5233.400914
1293851,-4063.886885
1295238,-5329.244061
1295977,-4066.137268
1296709,-5140.603138
1300049,-7059.598384
1302085,-4571.041187
1304082,-4995.435288
1304187,-5108.206595
1306299,-4569.449632
1307144,-5783.601954
1308208,-6625.399763
1308356,-6068.227293
1308787,-3663.029317
1309060,-5454.823787
1309227,-5442.139845
1309911,-3659.922686
1311091,-6438.190889
1312614,-5211.742015
1314388,-5441.020567
1317396,-6304.438378
1319145,-5214.199358
1321021,-5202.710110
1321126,-5327.958919
1321514,-5243.264978
1323172,-5438.963818
1325105,-5175.196967
1326580,-6291.189423
1327773,-6873.075286
1328106,-4385.413663
1329384,-4385.413663
1329884,-6318.621521
1330421,-4598.251317
1332358,-4598.251317
1332540,-4127.569867
1332882,-4127.569867
1334037,-5796.489566
1335951,-3776.191015
1336186,-3711.943689
1336197,-3776.191015
1336516,-3711.943689
1337005,-4500.808738
1338409,-4500.808738
1340818,-4998.665298
1343739,-4944.286672
1344056,-4944.286672
1346297,-5720.381860
1348980,-5570.481902
1351862,-5031.758330
1352764,-6372.741559
1353046,-5264.187606
1354557,-5031.758330
1355046,-4965.498129
1357811,-4998.665298
1358393,-4934.019961
1360193,-4934.019961
1360274,-5796.489566
1361261,-3716.880377
1361389,-3716.880377
1361426,-4399.454260
1363168,-6404.168058
1363951,-4628.725316
1365679,-5328.502289
1369040,-4049.035056
1369119,-5483.894664
1370193,-5182.664101
1371669,-4291.230139
1372470,-4139.035163
1372700,-6821.450209
1376219,-6407.804161
1376488,-5847.735398
1377584,-4803.321751
1379154,-5386.486238
1379559,-6044.859581
1380723,-5265.544143
1380873,-4709.590675
1381478,-5345.275962
1382083,-4197.927426
1382628,-6307.126004
1385555,-6089.244725
1386072,-6635.831809
1388414,-6692.318357
1388912,-4793.641144
1389068,-4302.089354
1389991,-4302.089354
1393647,-6531.325740
1394183,-5930.353219
1394893,-4869.892575
1395593,-4572.335788
1396688,-4466.814921
1397795,-6137.881800
1400145,-4205.532915
1400174,-6692.860953
1400369,-4423.456455
1400586,-6928.323625
1400642,-5306.915312
1401563,-6099.638293
1402036,-4238.839000
1405815,-4552.361665
1407650,-4434.410716
1407871,-4434.410716
1409077,-6866.532058
1412207,-6445.678180
1416571,-5863.789404
1416663,-6728.630069
1425652,-5645.189405
1434712,-4757.475016
1435809,-7470.949355
1438589,-5403.975311
1439939,-4334.998452
1441013,-4334.998452
1442226,-4984.294808
1442267,-4984.294808
1442307,-4322.017710
1443012,-4322.017710
1445949,-5152.176674
1446275,-5398.006213
1450148,-5645.798390
1457458,-3927.183827
1457565,-3927.183827
1459505,-6059.379417
1463041,-5297.037460
1468562,-5511.921165
1471789,-6067.828770
1473217,-3906.254354
1473752,-3906.254354
1481188,-6304.349435
1483705,-5511.921165
1486504,-5652.213253
1487456,-6323.878086
1490453,-6229.628895
1491214,-5649.991293
1496480,-5513.823348
1497403,-6047.445052
1497940,-5556.950215
1499022,-4232.914568
1499366,-4232.914568
1501155,-4156.541655
1502106,-4156.541655
1504458,-4551.874029
1505393,-4551.874029
1511054,-5981.478546
1511245,-6163.200779
1512055,-4188.105272
1512899,-4288.378510
1513200,-4649.026975
1513993,-4649.026975
1514122,-4949.908740
1519588,-6142.853482
1519969,-4459.854071
1520118,-3954.515866
1520131,-3954.515866
1521079,-7067.227859
1521706,-4459.315690
1522200,-5517.960263
1522364,-4950.430154
1525904,-6419.477630
1528169,-5972.606393
1528686,-4373.954330
1529289,-4373.954330
1531212,-5517.438849
1531223,-5513.820627
1531350,-5186.299756
1532193,-6197.365128
1533423,-6300.109243
1540472,-5982.701054
1542439,-6561.931403
1544719,-4148.918772
1545885,-5090.467979
1546143,-4148.324676
1546272,-4597.002414
1546692,-4967.782656
1548274,-5141.986123
1548290,-4597.002414
1549197,-5115.252447
1551166,-4655.784303
1551833,-4655.784303
1555607,-5070.352148
1556406,-5115.252447
1556802,-4406.134898
1556833,-5075.930392
1559633,-4400.556653
1564405,-4494.594748
1565953,-7201.260617
1566963,-5856.209389
1572055,-6833.777369
1574773,-5271.945194
1575544,-4491.761233
1575972,-5607.787232
1576674,-5540.223700
1577613,-6851.532083
1579698,-6145.577064
1582446,-5691.821163
1585901,-3756.274449
1587537,-3756.274449
1589158,-3489.144206
1589371,-3489.144206
1591938,-5728.364819
1592675,-4400.296414
1593047,-4400.296414
1595784,-4746.902462
1597075,-6586.938911
1597788,-4746.902462
1598846,-4546.894247
1599324,-3768.049902
1599744,-4230.999183
1604810,-4546.894247
1606804,-4508.865702
1607745,-4508.865702
1611512,-5920.038759
1612201,-4463.264428
1612351,-4343.559140
1612751,-6626.681227
1614269,-4251.244114
1614381,-4251.244114
1615131,-6277.962182
1616212,-6566.178727
1616337,-6218.263131
1627849,-6054.434605
1633109,-4846.507442
1635221,-6658.014349
1635662,-4787.180397
1635898,-4787.180397
1637607,-5732.684111
1638119,-6561.013477
1638600,-4848.179082
1639211,-7223.957638
1639652,-5789.660478
1639804,-6055.594008
1639907,-6136.992568
1640375,-4761.699351
1652407,-5750.774248
1653598,-4257.446282
1654106,-4257.446282
1656978,-4376.681396
1660190,-4219.559263
1663821,-4054.056443
1664156,-4054.056443
1665245,-6581.506218
1666520,-4178.601346
1667936,-4178.601346
1670574,-5474.896681
1674729,-6395.641798
1675546,-5113.923867
1675629,-4652.282843
1676176,-6224.544521
1677742,-4640.027408
1678845,-5088.971616
1678848,-6552.077196
1682278,-2948.749495
1682548,-2948.749495
1684596,-5127.899977
1684796,-4558.692103
1685156,-4558.692103
1688875,-5437.706441
1690287,-3953.156630
1690549,-3953.156630
1691921,-4046.458646
1693737,-4907.034886
1694101,-4267.323737
1695250,-4693.467254
1697083,-4693.467254
1699775,-4898.892733
1701170,-5437.706441
1703187,-4898.892733
1704229,-4852.256143
1704799,-4602.960090
1707700,-4602.960090
1708470,-6136.585869
1710798,-4852.256143
1711360,-4172.926772
1711538,-4172.926772
1712821,-4264.909170
1713177,-4264.909170
1717730,-4723.042539
1718028,-5119.747744
1719838,-5981.964626
1721372,-5120.568738
1722432,-5140.144776
1727100,-6360.048793
1729413,-4970.009814
1730080,-5215.103072
1730938,-6240.404999
1732498,-5326.516945
1740526,-4208.049855
1741263,-4208.049855
1744115,-4978.429905
1747067,-7361.479539
1748502,-6406.279483
1752020,-5153.951768
1755512,-4514.313031
1755527,-5322.228013
1755810,-6608.748891
1755934,-4516.632665
1756516,-4761.222662
1762639,-3186.205521
1762963,-3186.205521
1763030,-4841.181544
1763155,-5479.235880
1763710,-4839.596244
1771109,-4103.993905
1771235,-4103.993905
1773621,-6850.433679
1774890,-6311.777561
1774952,-6305.151670
1776113,-5388.288947
1779990,-5407.979203
1781311,-6052.010983
1782963,-4883.037957
1787094,-4704.402599
1788974,-5215.821850
1801252,-4703.962048
1804263,-6225.580372
1807330,-5079.411989
1809328,-5463.619576
1811473,-4526.987142
1812098,-6188.824386
1813651,-4526.987142
1816893,-3487.287057
1816987,-5291.404644
1817078,-3840.212828
1817163,-4497.170240
1819113,-4497.170240
1819649,-6926.458182
1827003,-5426.389993
1828035,-4235.313409
1828266,-4235.313409
1833934,-5099.485228
1835927,-5221.393691
1836309,-4441.700926
1837697,-5433.239802
1837997,-5789.225630
1838942,-4434.851117
1845746,-6311.112370
1851097,-4713.751194
1851751,-4197.127713
1852187,-4713.751194
1852474,-4197.127713
1853208,-4951.665666
1859167,-5219.890580
1860075,-5139.656799
1861247,-5078.313180
1863597,-6283.893331
1864730,-4945.287994
1866572,-5078.313180
1871930,-3858.138337
1872580,-3858.138337
1873601,-5025.347516
1874068,-5131.953448
1875738,-5131.953448
1876944,-6105.300118
1877260,-6475.204143
1877418,-6003.221118
1878842,-5696.907488
1882248,-4307.520595
1885220,-4307.520595
1888527,-5431.084712
1890165,-5691.744782
1890929,-4228.319846
1891277,-4228.319846
1892103,-6965.695813
1893597,-3884.629471
1894028,-6096.221469
1894765,-3885.189271
1895248,-5257.444972
1896049,-4467.886117
1897423,-6270.293716
1901460,-3765.361048
1902090,-3765.361048
1902132,-4334.218100
1903674,-4334.218100
1905962,-6852.621023
1906495,-4730.451121
1906707,-4851.940223
1907931,-4851.940223
1909490,-4729.070043
1910629,-7035.581721
1910816,-4733.890899
1911082,-4720.382616
1911536,-7086.901146
1911549,-4324.741681
1911990,-4324.741681
1913019,-7078.648399
1915474,-5040.947829
1916121,-4451.224857
1916384,-6596.274417
1917394,-4751.112064
1917870,-4451.739116
1923870,-4493.738395
1924353,-5673.628166
1924529,-4236.243059
1924638,-4191.544935
1924781,-4334.247031
1925033,-4093.540964
1925141,-4493.738395
1925789,-4174.045781
1926274,-4752.137508
1927833,-4173.020337
1928646,-4395.897636
1928920,-4041.761857
1929378,-4397.458042
1930029,-4303.534303
1930765,-6473.568727
1931020,-4162.017892
1931917,-4162.017892
1933582,-3994.154531
1933629,-3994.154531
1936982,-6396.337930
1937245,-5600.002020
1938032,-6282.197496
1939181,-4007.188697
1939376,-3800.618128
1940237,-4917.645887
1943311,-6331.706214
1944303,-4538.785226
1945918,-5995.099412
1946040,-5676.243422
1946927,-3936.028532
1947507,-3936.028532
1949086,-3813.719799
1949170,-4502.350647
1949357,-4649.477952
1949633,-4920.651027
1949888,-5258.824185
1951452,-5079.710763
1951929,-4982.826188
1953383,-4286.977031
1954036,-6348.815661
1954166,-4286.977031
1954583,-3704.954519
1954610,-4650.280890
1954690,-4650.280890
1955453,-3704.954519
1957016,-6833.947521
1961701,-5675.033016
1962110,-6122.322008
1962531,-6305.770359
1962760,-7085.477907
1964227,-5357.933893
1964819,-6409.649795
1964976,-6201.749813
1970608,-5154.243568
1971882,-4907.003409
1973692,-4974.788122
1974989,-4907.003409
1975999,-6440.040589
1976427,-5197.763250
1978187,-7227.961294
1979960,-4940.005940
1981741,-4110.274998
1981916,-2158.142337
1985745,-4422.794116
1988923,-5328.590815
1989085,-4422.794116
1989727,-3390.296850
1990088,-3390.296850
1996527,-4619.044299
1997160,-5112.643547
2000612,-4619.044299
2003998,-5312.715594
2005703,-5328.590815
2006404,-6699.072142
2006724,-5677.614214
2012008,-7254.305370
2012304,-4634.925420
2012306,-6766.531663
2015186,-5113.818567
2017961,-4637.808300
2019564,-4463.789961
2019785,-4441.956819
2020912,-4343.237962
2020996,-5404.475190
2021513,-4343.237962
2022425,-4903.207845
2022596,-6895.925182
2027186,-5942.347754
2029537,-4712.003942
2029701,-5697.940603
2029987,-5264.614505
2031344,-4255.463394
2034288,-4902.242687
2035078,-4471.340027
2036288,-4471.340027
2037097,-6002.200382
2037527,-4471.326464
2037528,-4401.201800
2037751,-6209.151750
2039111,-5178.681319
2041672,-5211.473221
2041995,-4348.581085
2042270,-4348.581085
2042762,-4616.611430
2046155,-4616.611430
2046259,-4627.390124
2047417,-4627.390124
2048227,-4297.976607
2049522,-5647.825306
2050646,-5177.939604
2051693,-4297.578831
2053239,-4480.454550
2054211,-4480.454550
2054237,-6547.231933
2054415,-6538.292223
2055826,-4501.542065
2057063,-4501.542065
2057723,-5448.095503
2059828,-6630.324490
2061108,-5555.954965
2061290,-5328.030861
2063579,-3968.200813
2063853,-3968.200813
2063942,-4585.137715
2064646,-6666.508300
2067866,-5021.957021
2069148,-4585.137715
2069279,-4065.385590
2069428,-4065.385590
2071032,-7273.583136
2071837,-5053.675646
2073226,-4112.549342
2073276,-5333.473937
2073468,-4112.549342
2074160,-5404.324729
2074898,-4058.639348
2074920,-4058.639348
2077959,-6100.547843
2078874,-6379.314319
2080075,-5017.606680
2080168,-4400.155977
2080554,-4774.811385
2080620,-4400.155977
2080762,-5050.000101
2081980,-4704.066112
2084099,-4704.066112
2084123,-4774.090152
2085485,-3017.738667
2085588,-6064.840300
2086245,-5441.802687
2086823,-3023.309763
2089725,-4451.452415
2090005,-4275.086794
2092525,-4454.746035
2093902,-6164.239645
2094583,-7224.743035
2095811,-4454.340588
2095915,-5729.096066
2095982,-6762.956089
2096007,-6814.855919
2099835,-5547.983150
2100762,-4669.859797
2101827,-4422.450074
2105398,-4451.846331
2106030,-4624.362812
2106449,-4624.362812
2106459,-4516.719362
2107944,-4516.719362
2107963,-4250.820675
2108108,-4455.698722
2108247,-4246.968284
2112125,-5087.789335
2112278,-4145.746089
2112364,-5909.584141
2113081,-5112.740984
2113536,-5075.795887
2113754,-5075.795887
2114149,-4146.212834
2115471,-5140.233888
2116154,-3556.936194
2116798,-3556.936194
2117171,-4509.826388
2117349,-4020.668355
2117653,-6316.374529
2119815,-7103.074948
2120175,-5109.589264
2121354,-5423.840931
2127385,-6155.589678
2127890,-5498.097717
2128986,-5571.910672
2129227,-3645.414694
2129789,-3645.414694
2129925,-5374.639158
2130197,-5724.899316
2130884,-6646.964563
2130902,-4409.071230
2131112,-4409.071230
2131376,-5459.343161
2132241,-5825.225523
2133777,-4211.214727
2134690,-4413.690621
2135022,-5519.995319
2135276,-4209.671124
2135634,-4374.857847
2136519,-5398.179074
2137060,-4409.808172
2137277,-4409.808172
2137871,-5398.179074
2138946,-5625.442687
2141720,-4669.860867
2142427,-4669.860867
2142911,-4205.395885
2143160,-4795.503283
2143330,-6268.907627
2143646,-4205.395885
2145477,-5111.554171
2148413,-5536.739721
2149180,-5848.973946
2149884,-4792.791443
2150455,-4005.668439
2150785,-6088.744816
2151129,-4006.047077
2153692,-5334.384564
2157582,-6831.179301
2159101,-6067.782808
2160197,-5535.346629
2160448,-7155.692070
2165672,-6566.751142
2168286,-4294.546161
2168579,-4294.546161
2179410,-4803.122130
2179417,-4803.122130
2181417,-6195.200446
2182594,-3945.420700
2183022,-7351.839228
2183345,-3947.046463
2184326,-4924.736196
2188771,-5588.541668
2193937,-4870.238572
2195435,-6421.696140
2196572,-6015.127459
2201442,-4753.604393
2202068,-4753.604393
2203995,-4360.251403
2204117,-4360.251403
2204635,-6355.733762
2210409,-5352.339859
2214441,-4468.850242
2215509,-4468.850242
2217785,-5528.764392
2221203,-5353.174290
2222195,-5527.929960
2224390,-5837.730841
2224400,-5357.569755
2225764,-4649.792520
2225768,-5295.774672
2227133,-6543.563225
2227165,-4289.483996
2227624,-4289.483996
2230850,-4206.550698
2232279,-6882.986549
2233446,-5294.964869
2233557,-4205.198532
2235578,-7104.998802
2238244,-6652.636378
2238805,-4654.211240
2239407,-3711.375792
2239882,-4420.888323
2240208,-3902.383983
2240311,-4755.081096
2240521,-3713.015546
2240537,-3906.627393
2241019,-4420.484001
2243619,-5158.721776
2244683,-6586.737447
2245936,-6259.439032
2247687,-5703.952281
2248175,-5715.645412
2250214,-5271.077366
2250983,-6128.388879
2251385,-5411.704577
2251447,-5095.303914
2252435,-6439.461504
2253467,-4818.591771
2253781,-4213.097318
2254510,-3980.868417
2255072,-3980.868417
2255157,-5840.100772
2257825,-5096.552859
2258138,-5015.389032
2259343,-4504.410558
2261994,-5842.216766
2263822,-4503.173761
2266108,-4405.745532
2266637,-4405.745532
2266772,-5356.611242
2267776,-5016.090590
2270245,-7063.444925
2271531,-5938.950064
2276003,-5910.631262
2276823,-5170.384267
2277916,-3378.556098
2280422,-3378.556098
2281838,-5419.400925
2288902,-3842.809453
2289575,-3842.809453
2293144,-7004.362624
2293260,-6237.254567
2293958,-5397.794095
2294598,-4186.458617
2294777,-4186.458617
2294975,-5171.697277
2295963,-5950.763808
2297087,-5959.508973
2300399,-4598.512154
2301150,-4358.960267
2301426,-3888.733862
2304205,-5186.552300
2304271,-5375.651435
2304648,-4263.578410
2305257,-5394.856910
2306148,-5231.038890
2306569,-4539.223026
2308636,-4539.223026
2309731,-5908.824963
2311090,-6697.045668
2311705,-5908.824963
2313111,-4868.020689
2314535,-4451.289748
2314923,-5830.382836
2315216,-4451.289748
2315286,-5003.236859
2315445,-5748.569554
2316713,-4567.158787
2317546,-7637.775941
2317855,-5264.489282
2319181,-5901.355720
2320389,-5187.123822
2321369,-7440.035440
2321521,-4772.734002
2321555,-5358.016045
2323167,-5358.016045
2323512,-5083.448528
2325490,-4767.169343
2328325,-6132.019462
2328840,-6537.413366
2330507,-6085.263408
2330659,-6362.849344
2331915,-4591.714851
2333556,-6018.622892
2334833,-4714.027115
2334883,-4714.027115
2336883,-4591.259636
2337070,-7458.858394
2337925,-5328.009474
2342381,-6581.185383
2345714,-3867.631080
2345842,-3867.631080
2348499,-5964.481048
2352928,-6327.293653
2355144,-6116.463521
2356366,-6019.781229
2363365,-4321.851147
2364021,-7447.228575
2364316,-4191.587594
2364751,-4191.587594
2366132,-4143.957141
2366466,-5185.929788
2366621,-4143.957141
2368995,-4358.673067
2369663,-4358.673067
2370635,-4421.625207
2371540,-6070.035782
2372940,-4421.625207
2374372,-5113.582350
2374620,-7100.631446
2376392,-5971.793786
2376451,-4196.905248
2376779,-4168.521963
2381649,-4048.510810
2382281,-4048.510810
2382705,-4516.892078
2382804,-4516.892078
2386693,-4533.675731
2388030,-5340.106787
2389807,-4164.758990
2389834,-4533.675731
2390660,-4164.758990
2392299,-5340.106787
2392886,-4784.079661
2393229,-4600.696963
2393883,-4048.562980
2393908,-3698.947122
2394001,-6698.687456
2394080,-4600.796158
2394900,-4783.333193
2395585,-5282.190432
2404198,-4163.907984
2404292,-5115.866335
2404320,-6340.839004
2404560,-4887.622987
2404888,-4162.742214
2405417,-4887.622987
2411405,-5622.850809
2413516,-4463.284804
2414200,-4463.284804
2418195,-6621.325201
2422504,-5622.850809
2431752,-4852.097261
2432260,-4852.097261
2434204,-7056.593253
2434851,-5201.790134
2434875,-5431.726591
2436366,-5788.006746
2437834,-4347.551768
2438136,-4347.551768
2438362,-5222.619319
2439497,-5575.491206
2444734,-4543.723463
2446346,-6907.734279
2449150,-4892.713561
2449934,-5948.623239
2454472,-5820.837287
2458276,-4264.288696
2458408,-5253.212189
2458442,-4421.202844
2459118,-4265.249006
2459967,-4720.959024
2460280,-4386.204538
2460532,-5499.927732
2462441,-4893.589557
2465003,-5095.392946
2468182,-4636.289830
2470852,-4636.289830
2472238,-4991.946972
2474398,-5222.649482
2475554,-4655.744406
2477188,-5455.757090
2477312,-7074.243947
2477903,-4655.090383
2482761,-6857.221992
2484607,-6001.943346
2489512,-4571.273769
2489877,-4798.551392
2490075,-6552.275843
2490409,-4890.237029
2490988,-4572.992727
2497543,-4723.126066
2497938,-4573.989477
2501617,-5298.355475
2504470,-6327.971231
2506329,-5853.553558
2506787,-6481.435868
2508539,-5538.261772
2508563,-4802.763922
2509034,-6047.974673
2509736,-4160.441556
2510643,-4160.441556
2511343,-3911.633617
2512323,-5088.431603
2512682,-3913.579845
2515698,-6920.210650
2516192,-4786.184784
2516823,-6361.559020
2516885,-5234.941572
2517566,-6412.702894
2517627,-6250.514221
2520641,-6879.778701
2521655,-5810.870195
2521958,-5395.470639
2523185,-6031.579435
2524387,-5235.506072
2527821,-5402.458511
2528261,-4991.575177
2529000,-4416.484062
2529600,-6273.319468
2530455,-5220.984779
2530831,-4416.484062
2531635,-4987.642568
2532887,-5023.617043
2533133,-5400.137438
2534474,-4687.075579
2534996,-6526.231047
2536706,-6180.258983
2536942,-5806.122188
2537180,-4736.538677
2538509,-5137.914241
2539076,-5137.914241
2540448,-6345.204584
2547212,-4460.942918
2549065,-4543.120629
2549098,-4460.942918
2549245,-4300.420193
2549325,-4813.087837
2549959,-5138.786851
2553974,-6238.011292
2554584,-6738.465946
2554625,-4542.704213
2556753,-6270.336075
2557706,-5018.840770
2558367,-4702.328960
2559282,-4702.328960
2562216,-5006.520766
2562435,-5006.520766
2563293,-6942.876892
2565178,-5451.970415
2565941,-6369.962912
2566162,-7420.674062
2567040,-5138.840100
2567696,-5678.821054
2571457,-5284.229050
2573110,-5832.890007
2578306,-5440.666042
2581826,-6975.204129
2587630,-5173.815895
2588734,-6291.565393
2588923,-5173.815895
2590929,-6388.818972
2591463,-5674.335595
2592151,-5508.752087
2593962,-6718.921084
2608701,-5499.685526
2610926,-3694.346038
2611099,-4142.793324
2611103,-4032.165592
2613113,-3695.390777
2613707,-6841.271924
2614445,-4955.896967
2614464,-4307.962576
2614896,-4296.240636
2615518,-6739.013612
2621067,-4102.182182
2621263,-4102.182182
2623747,-5509.295416
2624739,-4954.655263
2624890,-4702.372644
2625954,-4702.372644
2627518,-4483.922863
2627903,-4483.922863
2630830,-5315.467056
2630968,-3523.654457
2631696,-5656.246748
2633427,-3522.833408
2634307,-5409.636434
2635035,-5096.935038
2635152,-6950.527331
2639542,-4685.010462
2644882,-4685.010462
2645029,-5096.478892
2652094,-4202.972153
2652547,-4202.972153
2656118,-5565.706601
2662924,-4384.884294
2663156,-4384.884294
2666344,-4221.762679
2666368,-4221.762679
2667102,-4911.871990
2668229,-5596.445701
2672040,-4943.640693
2673635,-4911.871990
2673731,-6139.363970
2677926,-5560.827936
2677943,-4943.076508
2678417,-6164.207351
2678667,-5655.966569
2684342,-5212.667493
2684801,-5474.186789
2685272,-3717.588593
2688501,-5597.052168
2690435,-5370.715278
2699408,-6693.951792
2700500,-4010.309168
2700825,-5634.515266
2701174,-5101.205954
2701275,-4010.777518
2704904,-6557.317558
2707058,-4976.935403
2708480,-4379.860946
2708616,-4379.860946
2709012,-5574.088157
2710134,-5110.358129
2712612,-4463.005581
2713274,-7225.341698
2713355,-4463.005581
2718508,-4568.285922
2718512,-4489.955199
2720166,-4967.764830
2720600,-5187.442608
2720856,-5219.672677
2727182,-5187.442608
2728619,-4583.748255
2728787,-5407.958112
2729087,-5578.286986
2729311,-4582.948269
2731539,-5149.311934
2731745,-5764.296524
2732815,-5003.685844
2736243,-5505.265410
2736354,-3833.659109
2737109,-3833.659109
2737279,-5003.685844
2737711,-5503.086969
2739814,-6103.135812
2740697,-5442.121288
2743496,-5171.321258
2743568,-5357.414401
2743682,-5170.591009
2744102,-5146.315207
2744167,-7023.966612
2746915,-5115.994668
2747305,-6915.861224
2747388,-5437.888388
2749655,-4444.675191
2750447,-5777.673397
2754234,-5434.750279
2757863,-4787.009230
2758155,-6677.246563
2759277,-3628.941351
2759324,-4594.357068
2761654,-4085.623620
2761774,-4085.623620
2762304,-4084.458144
2762399,-4831.020944
2763613,-4044.696362
2763711,-5672.433059
2768459,-6942.436417
2774274,-5441.843398
2776477,-5464.603810
2778532,-4824.790209
2778954,-4824.790209
2779177,-5777.093757
2784708,-5702.474916
2786450,-5427.756623
2786686,-4453.428048
2786814,-5365.576519
2787237,-4453.428048
2787510,-5659.358404
2788810,-5357.152167
2789489,-5175.009476
2789823,-3664.261750
2791086,-4113.781664
